Year,Title,Theater,Day of the Week,Date,Time,Saw with April
2012,We Bought a Zoo,Baxter Avenue,Sunday,1/8/2012,1:15 PM,N
2012,Extremely Loud and Incredibly Close,Baxter Avenue,Sunday,1/22/2012,1:15 PM,N
2012,Tinker Tailor Soldier Spy,Baxter Avenue,Saturday,1/28/2012,4:30 PM,N
2012,The Artist,Baxter Avenue,Monday,1/30/2012,7:30 PM,N
2012,The Grey,Tinseltown,Friday,2/10/2012,11:30 AM,N
2012,Star Wars Episode I: The Phantom Menace,Tinseltown,Friday,2/10/2012,3:10 PM,N
2012,The Secret World of Arrietty,Baxter Avenue,Friday,2/17/2012,7:35 PM,N
2012,Ghost Rider 2,Tinseltown,Sunday,2/26/2012,11:30 AM,N
2012,This Means War,Tinseltown,Sunday,2/26/2012,1:25 PM,N
2012,The Lorax,Tinseltown,Sunday,3/4/2012,11:30 AM,N
2012,Project X,Tinseltown,Sunday,3/4/2012,1:10 PM,N
2012,John Carter,Baxter Avenue,Monday,3/12/2012,7:20 PM,N
2012,Hunger Games,Baxter Avenue,Tuesday,3/27/2012,1:15 PM,N
2012,21 Jump Street,Baxter Avenue,Saturday,3/31/2012,1:30 PM,N
2012,Jeff Who Lives at Home,Baxter Avenue,Saturday,3/31/2012,3:25 PM,N
2012,Wrath of the Titans,Tinseltown,Sunday,4/1/2012,3:25 PM,N
2012,The Raid,Village 8,Friday,4/13/2012,9:55 PM,N
2012,Jiro Dreams of Sushi,Village 8,Saturday,4/14/2012,1:20 PM,N
2012,Journey 2 the Center of the Earth,Village 8,Saturday,4/14/2012,3:15 PM,N
2012,Bully,Baxter Avenue,Friday,4/27/2012,4:00 PM,N
2012,The Five Year Engagement,Baxter Avenue,Sunday,4/29/2012,1:25 PM,N
2012,The Avengers,Baxter Avenue,Friday,5/4/2012,6:30 PM,N
2012,The Avengers,Riverfalls 12,Sunday,5/6/2012,2:45 PM,N
2012,Pirates! Band of Misfits,Tinseltown,Wednesday,5/9/2012,1:30 PM,N
2012,The Raven,Tinseltown,Sunday,5/13/2012,12:05 PM,N
2012,Dark Shadows,Baxter Avenue,Sunday,5/13/2012,5:20 PM,N
2012,The Avengers,Baxter Avenue,Monday,5/21/2012,7:40 PM,N
2012,Best Exotic Marigold Hotel,Baxter Avenue,Monday,5/28/2012,1:25 PM,N
2012,Men in Black 3,Baxter Avenue,Monday,5/28/2012,5:20 PM,N
2012,The Dictator,Baxter Avenue,Saturday,6/2/2012,4:25 PM,N
2012,Snow White and the Huntsmen,Baxter Avenue,Saturday,6/2/2012,4:20 PM,N
2012,Madagascar 3: Europe's Most Wanted,Tinseltown,Tuesday,6/12/2012,11:20 AM,N
2012,Prometheus,Tinseltown,Tuesday,6/12/2012,1:00 PM,N
2012,Abe Lincoln: Vampire Hunter,Baxter Avenue,Saturday,6/23/2012,12:45 PM,N
2012,Rock of Ages,Baxter Avenue,Sunday,6/24/2012,1:30 PM,N
2012,Moonrise Kingdom,Stonybrook,Saturday,6/30/2012,3:15 PM,N
2012,End of the World,Stonybrook,Saturday,6/30/2012,1:20 PM,N
2012,Brave,Tinseltown,Monday,7/2/2012,7:00 PM,N
2012,Amazing Spiderman,Baxter Avenue,Saturday,7/7/2012,1:20 PM,N
2012,Amazing Spiderman,Baxter Avenue,Saturday,7/7/2012,10:15 PM,N
2012,Ted,Baxter Avenue,Sunday,7/22/2012,3:05 PM,N
2012,The Dark Knight Rises,Tinseltown,Monday,7/23/2012,11:25 AM,N
2012,The Watch,Tinseltown,Sunday,8/5/2012,4:05 PM,N
2012,Total Recall (2012),Tinseltown,Monday,8/6/2012,12:10 PM,N
2012,The Expendables 2,Baxter Avenue,Saturday,8/18/2012,12:50 PM,N
2012,Paranorman,Stonybrook,Thursday,9/6/2012,6:45 PM,N
2012,Aie Wei Wei,Baxter Avenue,Wednesday,9/12/2012,7:40 PM,N
2012,Lawless,Baxter Avenue,Sunday,9/16/2012,1:20 PM,N
2012,Sleepwalk with Me,Village 8,Saturday,9/22/2012,3:20 PM,N
2012,Barfi!,Tinseltown,Sunday,9/23/2012,1:45 PM,N
2012,Looper,Tinseltown,Thursday,10/4/2012,12:25 PM,N
2012,The Dark Knight Rises,Village 8,Thursday,10/11/2012,12:55 PM,N
2012,Argo,Stonybrook,Tuesday,10/16/2012,6:20 PM,N
2012,The Perks of Being a Wallflower,Baxter Avenue,Thursday,10/18/2012,3:05 PM,N
2012,Taken 2,Baxter Avenue,Thursday,10/18/2012,1:15 PM,N
2012,Trouble with the Curve,Tinseltown,Sunday,10/21/2012,12:00 PM,N
2012,Hotel Transylvania,Tinseltown,Sunday,10/21/2012,2:20 PM,N
2012,Seven Psychopaths,Tinseltown,Sunday,10/21/2012,4:25 PM,N
2012,Cloud Atlas,Stonybrook,Saturday,10/27/2012,6:40 PM,N
2012,Wreck-it Ralph,Tinseltown,Saturday,11/17/2012,1:00 PM,N
2012,Skyfall,Baxter Avenue,Saturday,11/17/2012,1:25 PM,N
2012,Lincoln,Baxter Avenue,Wednesday,11/21/2012,7:45 PM,Y
2012,Rise of the Guardians,Tinseltown,Thursday,11/22/2012,6:45 PM,N
2012,Silver Linings Playbook,Baxter Avenue,Saturday,12/1/2012,1:35 PM,Y
2012,The Hobbit: An Unexpected Journey,Baxter Avenue,Friday,12/14/2012,6:00 PM,N
2012,Silver Linings Playbook,Baxter Avenue,Tuesday,12/18/2012,7:35 PM,Y
2012,This is 40,Baxter Avenue,Wednesday,12/26/2012,7:35 PM,Y
2012,Cirque du Soleil: World's Apart,Tinseltown,Saturday,12/29/2012,12:00 PM,N
2013,Django Unchained,Baxter Avenue,Sunday,1/6/2013,1:35 PM,N
2013,Gangster Squad,Baxter Avenue,Sunday,1/13/2013,7:30 PM,Y
2013,Zero Dark Thirty,Baxter Avenue,Saturday,1/19/2013,1:10 PM,Y
2013,The Last Stand,Tinseltown,Sunday,1/20/2013,11:55 AM,N
2013,Hansel and Gretel: Witch Hunter,Tinseltown,Saturday,2/2/2013,1:30 PM,N
2013,Movie 43,Tinseltown,Saturday,2/2/2013,3:15 PM,N
2013,Warm Bodies,Baxter Avenue,Wednesday,2/6/2013,2:50 PM,N
2013,Oscar Nominated Live Movies,Village 8,Tuesday,2/12/2013,12:55 PM,N
2013,Breaking Dawn Pt 2,Village 8,Wednesday,2/13/2013,4:10 PM,Y
2013,Identity Thief,Tinseltown,Tuesday,2/19/2013,1:00 PM,Y
2013,Oscar Nominated Short Films,Village 8,Tuesday,2/19/2013,3:20 PM,N
2013,Life of Pi,Village 8,Tuesday,3/26/2013,12:55 PM,Y
2013,The Croods,Baxter Avenue,Wednesday,3/27/2013,12:50 PM,N
2013,GI Joe: Retaliation,Baxter Avenue,Thursday,4/4/2013,12:45 PM,N
2013,Jurassic Park,Baxter Avenue,Wednesday,4/10/2013,7:25 PM,N
2013,42,Baxter Avenue,Wednesday,4/17/2013,1:20 PM,N
2013,Oblivion,Stonybrook,Wednesday,4/24/2013,10:00 AM,N
2013,Jack the Giant Killer,Village 8,Wednesday,4/24/2013,1:30 PM,N
2013,Wait Wait...Don't Tell Me Live,Tinseltown,Thursday,5/2/2013,8:00 PM,Y
2013,Pain and Gain,Baxter Avenue,Wednesday,5/8/2013,4:25 PM,N
2013,Iron Man 3,Stonybrook,Wednesday,5/8/2013,5:30 PM,Y
2013,Iron Man 3,Baxter Avenue,Monday,5/13/2013,10:20 PM,N
2013,Great Gatsby,Baxter Avenue,Tuesday,5/14/2013,7:25 PM,Y
2013,Star Trek: Into Darkness,Baxter Avenue,Sunday,5/19/2013,7:25 PM,Y
2013,Hangover Part III,Mall St. Matthews,Thursday,5/23/2013,10:45 AM,Y
2013,Fast and Furious 6,Baxter Avenue,Saturday,6/1/2013,7:30 PM,Y
2013,Now You See Me,Baxter Avenue,Saturday,6/1/2013,10:00 PM,Y
2013,Epic,Stonybrook,Tuesday,6/4/2013,6:35 PM,N
2013,Man of Steel,Baxter Avenue,Sunday,6/16/2013,7:25 PM,Y
2013,This is the End,Mall St. Matthews,Wednesday,6/19/2013,3:55 PM,N
2013,World War Z,Baxter Avenue,Thursday,6/27/2013,1:25 PM,N
2013,Monsters University,Mall St. Matthews,Thursday,6/27/2013,7:45 PM,Y
2013,The Heat,Tinseltown,Wednesday,7/3/2013,3:25 PM,Y
2013,The Lone Ranger,Mall St. Matthews,Monday,7/8/2013,12:00 PM,Y
2013,Despicable Me 2,Mall St. Matthews,Monday,7/15/2013,1:15 PM,Y
2013,Pacific Rim,Baxter Avenue,Tuesday,7/16/2013,1:10 PM,N
2013,The To Do List,Tinseltown,Monday,7/29/2013,12:20 PM,Y
2013,The Wolverine,Tinseltown,Monday,7/29/2013,3:40 PM,Y
2013,The Way Way Back,Baxter Avenue,Monday,8/5/2013,2:50 PM,N
2013,Percy Jackson: Sea of Monsters,Mall St. Matthews,Tuesday,8/13/2013,11:20 AM,N
2013,Turbo,Stonybrook,Tuesday,8/13/2013,1:40 PM,N
2013,Elysium,Baxter Avenue,Saturday,8/17/2013,7:35 PM,Y
2013,We're the Millers,Mall St. Matthews,Monday,8/19/2013,2:15 PM,Y
2013,Kick Ass 2,Baxter Avenue,Tuesday,8/27/2013,8:10 PM,N
2013,The World's End,Baxter Avenue,Friday,9/6/2013,1:40 PM,N
2013,One Direction,Tinseltown,Thursday,9/12/2013,2:00 PM,Y
2013,Prisoners,Mall St. Matthews,Tuesday,9/24/2013,11:30 AM,N
2013,Cloudy With a Chance of Meatballs 2,Baxter Avenue,Tuesday,10/1/2013,12:55 PM,N
2013,Don Jon,Baxter Avenue,Monday,10/14/2013,1:00 PM,Y
2013,Escape Plan,Tinseltown,Tuesday,10/22/2013,11:30 AM,N
2013,Captain Phillips,Baxter Avenue,Thursday,10/24/2013,7:15 PM,Y
2013,Ender's Game,Baxter Avenue,Sunday,11/3/2013,1:30 PM,Y
2013,Thor: The Dark World,Mall St. Matthews,Sunday,11/10/2013,3:30 PM,Y
2013,About Time,Baxter Avenue,Saturday,11/23/2013,4:00 PM,Y
2013,Hunder Games: Catching Fire,Tinseltown,Thursday,11/28/2013,6:35 PM,Y
2013,The Book Thief,Baxter Avenue,Monday,12/2/2013,1:00 PM,N
2013,Escape from Tomorrowland,Baxter Avenue,Saturday,12/14/2013,11:55 PM,Y
2013,Frozen,Baxter Avenue,Wednesday,12/18/2013,7:20 PM,Y
2013,Hobbit: The Desolation of Smaug,Tinseltown,Friday,12/20/2013,1:25 PM,Y
2013,Anchorman 2,Tinseltown,Friday,12/20/2013,4:40 PM,Y
2013,American Hustle,Baxter Avenue,Sunday,12/22/2013,1:00 PM,Y
2013,Saving Mr. Banks,Baxter Avenue,Monday,12/30/2013,7:30 PM,Y
2013,The Secret Life of Walter Mitty,Baxter Avenue,Tuesday,12/31/2013,1:10 PM,N
2014,The Wolf of Wall Street,Tinseltown,Tuesday,1/7/2014,12:00 PM,Y
2014,Lone Survivor,Baxter Avenue,Saturday,1/25/2014,1:30 PM,Y
2014,Frankenstein,Riverfalls 12,Monday,1/27/2014,11:30 AM,N
2014,That Awkward Moment,Mall St. Matthews,Saturday,2/8/2014,9:30 PM,Y
2014,Lego Movie,Baxter Avenue,Monday,2/10/2014,12:45 PM,N
2014,Robocop (2014),Mall St. Matthews,Wednesday,2/19/2014,11:00 AM,N
2014,The Wind Rises,Baxter Avenue,Monday,3/10/2014,1:25 PM,N
2014,300: RIse of an Empire,Baxter Avenue,Monday,3/24/2014,3:05 PM,N
2014,The Grand Budapest Hotel,Baxter Avenue,Monday,3/24/2014,12:50 PM,N
2014,Muppets Most Wanted,Baxter Avenue,Sunday,3/30/2014,1:20 PM,Y
2014,Peabody and Sherman,Baxter Avenue,Monday,3/31/2014,1:00 PM,N
2014,Captain America: The Winter Soldier,Tinseltown,Sunday,4/6/2014,1:20 PM,Y
2014,Draft Day,Mall St. Matthews,Saturday,4/12/2014,11:15 AM,Y
2014,Rio 2,Baxter Avenue,Monday,4/14/2014,12:45 PM,N
2014,Ernest and Celestine,Baxter Avenue,Monday,4/21/2014,1:15 PM,N
2014,Bears,Mall St. Matthews,Sunday,4/27/2014,11:15 AM,Y
2014,Amazing Spiderman 2,Baxter Avenue,Thursday,5/1/2014,7:00 PM,Y
2014,Neighbors,Baxter Avenue,Monday,5/12/2014,7:40 PM,Y
2014,Million Dollar Arm,Tinseltown,Sunday,5/18/2014,1:05 PM,Y
2014,X-Men: Days of Future Past,Baxter Avenue,Thursday,5/22/2014,10:10 PM,Y
2014,The Land Before Time,KSC,Friday,5/30/2014,7:15 PM,Y
2014,Chef,Baxter Avenue,Sunday,6/1/2014,4:10 PM,Y
2014,Godzilla (2014),Baxter Avenue,Monday,6/2/2014,1:25 PM,N
2014,Malefecint,Mall St. Matthews,Sunday,6/8/2014,10:45 AM,Y
2014,22 Jumpt St,Baxter Avenue,Thursday,6/26/2014,7:35 PM,Y
2014,How to Train Your Dragon 2,Baxter Avenue,Monday,6/30/2014,5:20 PM,N
2014,Transformers: Age of Extinction,Mall St. Matthews,Saturday,7/5/2014,6:30 PM,Y
2014,Obvious Child,Baxter Avenue,Sunday,7/6/2014,1:20 PM,Y
2014,Raiders of the Lost Ark,KSC,Saturday,7/12/2014,1:45 PM,Y
2014,Dawn of the Planet of the Apes,Mall St. Matthews,Sunday,7/13/2014,12:30 PM,N
2014,Edge of Tomorrow,Tinseltown,Monday,7/14/2014,11:05 AM,N
2014,Monty Python Live,Tinseltown,Sunday,7/20/2014,2:30 PM,Y
2014,Begin Again,Baxter Avenue,Saturday,7/26/2014,7:40 PM,Y
2014,Hercules,Mall St. Matthews,Thursday,7/31/2014,11:10 AM,N
2014,Lucy,Baxter Avenue,Thursday,7/31/2014,1:25 PM,N
2014,Guardians of The Galaxy,Baxter Avenue,Saturday,8/2/2014,7:25 PM,Y
2014,Guardians of The Galaxy,Stonybrook,Tuesday,8/5/2014,12:00 PM,N
2014,Guardians of The Galaxy,Mall St. Matthews,Thursday,8/7/2014,11:10 AM,N
2014,Teenage Mutant Ninja Turtles (2014),Mall St. Matthews,Wednesday,8/13/2014,12:00 AM,Y
2014,The Giver,Tinseltown,Tuesday,8/19/2014,12:35 PM,N
2014,The Expendables 3,Tinseltown,Tuesday,8/19/2014,2:30 PM,N
2014,Let's Be Cops,Mall St. Matthews,Sunday,8/24/2014,11:35 AM,Y
2014,Guardians of The Galaxy,Mall St. Matthews,Sunday,8/24/2014,2:45 PM,Y
2014,Sin City 2,Baxter Avenue,Tuesday,9/2/2014,12:45 PM,N
2014,100 Ft Journey,Baxter Avenue,Monday,9/8/2014,1:25 PM,N
2014,Boyhood,Baxter Avenue,Wednesday,9/17/2014,1:05 PM,N
2014,The Maze Runner,Baxter Avenue,Thursday,9/25/2014,1:30 PM,N
2014,Boxtrolls,Baxter Avenue,Monday,10/6/2014,2:55 PM,N
2014,Gone Girl,Tinseltown,Friday,10/17/2014,1:10 PM,Y
2014,The Judge,Baxter Avenue,Saturday,10/18/2014,1:20 PM,Y
2014,The Book of Life,Baxter Avenue,Monday,10/20/2014,1:10 PM,N
2014,Guardians of The Galaxy,Village 8,Saturday,11/1/2014,1:25 PM,Y
2014,Birdman,Baxter Avenue,Tuesday,11/4/2014,1:10 PM,N
2014,Laggies,Baxter Avenue,Monday,11/10/2014,7:40 PM,N
2014,"Alexander and the Terrible, Horrible, No Good, Very Bad Day",Mall St. Matthews,Tuesday,11/11/2014,11:35 AM,N
2014,St. Vincent,Baxter Avenue,Tuesday,11/11/2014,5:25 PM,N
2014,Big Hero 6,Baxter Avenue,Tuesday,11/11/2014,7:50 PM,Y
2014,Interstellar,Mall St. Matthews,Monday,11/17/2014,2:40 PM,N
2014,Big Hero 6,Baxter Avenue,Tuesday,11/25/2014,12:50 PM,Y
2014,Hunger Games: Mockingjay,Tinseltown,Thursday,11/27/2014,8:25 PM,Y
2014,The Theory of Everything,Baxter Avenue,Saturday,11/29/2014,7:00 PM,Y
2014,Penguins of Madagascar,Baxter Avenue,Monday,12/1/2014,3:15 PM,N
2014,Annie (2014),Mall St. Matthews,Friday,12/19/2014,10:45 AM,Y
2014,Hobbit: The Battle of Five Armies,Baxter Avenue,Monday,12/22/2014,2:00 PM,N
2015,The Imitation Game,Tinseltown,Saturday,1/3/2015,11:05 AM,Y
2015,Into the Woods,Baxter Avenue,Monday,1/12/2015,1:10 PM,N
2015,Taken 3,Baxter Avenue,Tuesday,1/13/2015,12:45 PM,N
2015,Selma,Baxter Avenue,Wednesday,1/21/2015,7:30 PM,Y
2015,Mortedcai,Mall St. Matthews,Tuesday,1/27/2015,11:35 AM,N
2015,American Sniper,Baxter Avenue,Saturday,1/31/2015,1:25 PM,Y
2015,Seventh Son,Baxter Avenue,Tuesday,2/10/2015,12:50 PM,N
2015,Jupiter Ascending,Baxter Avenue,Tuesday,2/10/2015,4:20 PM,N
2015,Kingsman: The Secret Service,Mall St. Matthews,Tuesday,2/17/2015,11:15 AM,N
2015,2nd Best Exotic Marigold Hotel,Baxter Avenue,Monday,3/9/2015,1:15 PM,N
2015,Chappie,Baxter Avenue,Tuesday,3/10/2015,7:40 PM,Y
2015,71,Baxter Avenue,Tuesday,3/24/2015,12:50 PM,N
2015,Home,Mall St. Matthews,Saturday,3/28/2015,11:05 AM,Y
2015,Cinderella (2015),Baxter Avenue,Tuesday,3/31/2015,1:30 PM,N
2015,Furious 7,Baxter Avenue,Thursday,4/2/2015,7:30 PM,Y
2015,Furious 7,Baxter Avenue,Saturday,4/11/2015,4:25 PM,Y
2015,Child 44,Baxter Avenue,Monday,4/20/2015,1:30 PM,N
2015,Monkey Kingdom,Mall St. Matthews,Tuesday,4/28/2015,11:45 AM,Y
2015,Avengers: Age of Ultron,Baxter Avenue,Thursday,4/30/2015,7:30 PM,Y
2015,Avengers: Age of Ultron,Baxter Avenue,Monday,5/4/2015,1:00 PM,Y
2015,Avengers: Age of Ultron,Baxter Avenue,Tuesday,5/5/2015,1:00 PM,Y
2015,Woman in Gold,Baxter Avenue,Sunday,5/10/2015,1:15 PM,Y
2015,Mad Max: Fury Road,Baxter Avenue,Tuesday,5/19/2015,1:20 PM,N
2015,Poltergeist (2015),Tinseltown,Monday,6/1/2015,11:00 AM,N
2015,Pitch Perfect 2,Mall St. Matthews,Sunday,6/7/2015,10:45 AM,Y
2015,Tomorrowland,Baxter Avenue,Monday,6/15/2015,1:00 PM,N
2015,Jurassic World,Baxter Avenue,Tuesday,6/16/2015,7:25 PM,Y
2015,Jurassic World,Mall St. Matthews,Thursday,6/18/2015,4:00 PM,N
2015,Inside Out,Mall St. Matthews,Thursday,6/18/2015,8:00 PM,Y
2015,Terminator: Genysis,Baxter Avenue,Monday,7/6/2015,1:30 PM,N
2015,"Me, Earl, and the Dying Girl",Baxter Avenue,Monday,7/6/2015,7:20 PM,Y
2015,Antman,Baxter Avenue,Sunday,7/19/2015,7:20 PM,Y
2015,Trainwreck Movie,Mall St. Matthews,Saturday,7/25/2015,10:25 AM,Y
2015,Minions,Mall St. Matthews,Tuesday,7/28/2015,10:45 AM,N
2015,A Lego Brickumentary,Village 8,Monday,8/3/2015,12:55 PM,N
2015,Mr. Holmes,Tinseltown,Sunday,8/9/2015,1:40 PM,Y
2015,Mission Impossible: Rogue Nation,Tinseltown,Tuesday,8/11/2015,10:30 AM,N
2015,Fantastic 4 (2015),Tinseltown,Tuesday,8/11/2015,1:30 PM,N
2015,Black Mass,Mall St. Matthews,Saturday,9/19/2015,12:00 PM,Y
2015,Maze Runner: The Scroch Trials,Mall St. Matthews,Monday,9/28/2015,11:45 AM,N
2015,The Martian,Baxter Avenue,Tuesday,10/6/2015,1:00 PM,N
2015,Bridge of Spies,Mall St. Matthews,Sunday,10/18/2015,12:20 PM,Y
2015,Pan,Mall St. Matthews,Tuesday,10/20/2015,11:24 AM,N
2015,Last Witch Hunter,Baxter Avenue,Monday,10/26/2015,1:40 PM,N
2015,The Intern,Baxter Avenue,Saturday,10/31/2015,1:25 PM,Y
2015,Spectre,Baxter Avenue,Friday,11/6/2015,1:00 PM,N
2015,Rock the Kasbah,Village 8,Monday,11/9/2015,12:50 PM,N
2015,Inside Out,Village 8,Monday,11/9/2015,7:45 PM,Y
2015,Love the Coopers,Tinseltown,Saturday,11/21/2015,14:10,Y
2015,The Good Dinosaur,Tinseltown,Thursday,11/26/2015,8:35 PM,Y
2015,Spotlight,Baxter Avenue,Sunday,11/29/2015,7:20 PM,Y
2015,Victor Frankenstein,Mall St. Matthews,Monday,11/30/2015,11:05 AM,N
2015,Hunger Games: Mockingjay Pt. 2,Ft. Lauderdale EcoDiscovery Center IMAX,Thursday,12/3/2015,1:50 PM,Y
2015,Star Wars Episode I-VII,Tinseltown,Thursday,12/17/2015,3:00 AM,Y
2015,Star Wars Episode VII: The Force Awakens,Baxter Avenue,Monday,12/21/2015,7:20 PM,N
2015,Creed,Mall St. Matthews,Tuesday,12/22/2015,9:15 AM,N
2015,Star Wars Episode VII: The Force Awakens,XScape Blankenbaker,Tuesday,12/29/2015,7:30 PM,Y
2016,Sisters,Baxter Avenue,Saturday,1/2/2016,1:25 PM,Y
2016,Hateful 8,Baxter Avenue,Tuesday,1/5/2016,12:50 PM,N
2016,The Big Short,Baxter Avenue,Wednesday,1/6/2016,7:10 PM,Y
2016,Kung Fu Panda 3,Baxter Avenue,Saturday,1/30/2016,1:05 PM,Y
2016,"Hail, Caesar!",Tinseltown,Monday,2/8/2016,11:35 AM,N
2016,Deadpool,Mall St. Matthews,Saturday,2/13/2016,10:50 AM,Y
2016,Eddie the Eagle,Tinseltown,Wednesday,3/2/2016,11:25 AM,N
2016,Zootopia,Baxter Avenue,Monday,3/7/2016,7:00 PM,Y
2016,London Has Fallen,Baxter Avenue,Tuesday,3/8/2016,12:50 PM,N
2016,10 Cloverfield Lane,Baxter Avenue,Monday,3/14/2016,1:30 PM,N
2016,Zootopia,Tinseltown,Monday,3/14/2016,5:50 PM,Y
2016,Boy and the Beast,Baxter Avenue,Tuesday,3/22/2016,1:30 PM,N
2016,Batman vs Superman,Tinseltown,Saturday,4/2/2016,1:05 PM,Y
2016,The Jungle Book,Baxter Avenue,Monday,4/18/2016,7:05 PM,Y
2016,Empire of Corpses,Baxter Avenue,Wednesday,4/20/2016,7:30 PM,Y
2016,Huntsman Winter's War,Baxter Avenue,Monday,4/25/2016,1:30 PM,Y
2016,Captain America: Civil War,Baxter Avenue,Thursday,5/5/2016,20:00,Y
2016,Captain America: Civil War,Mall St. Matthews,Saturday,5/7/2016,10:45 AM,Y
2016,Sing Street,Baxter Avenue,Monday,5/16/2016,7:30 PM,Y
2016,Neighbors 2,Baxter Avenue,Monday,5/23/2016,1:10 PM,Y
2016,X-Men: Apocalypse,Baxter Avenue,Thursday,5/26/2016,7:00 PM,Y
2016,Teenage Mutant Ninja Turtles: Out of the Shadows,Baxter Avenue,Monday,6/6/2016,1:30 PM,N
2016,Now You See Me 2,Baxter Avenue,Saturday,6/11/2016,4:15 PM,Y
2016,The Nice Guys,Tinseltown,Tuesday,6/14/2016,10:50 AM,N
2016,Dory After Dark,Tinseltown,Thursday,6/16/2016,7:00 PM,Y
2016,Warcraft,Mall St. Matthews,Thursday,6/23/2016,1:30 PM,N
2016,Independence Day: Resurgence,Baxter Avenue,Tuesday,6/28/2016,1:30 PM,N
2016,Central Intelligence,Mall St. Matthews,Monday,7/4/2016,11:05 AM,N
2016,Mike and Dave Need Wedding Dates,Baxter Avenue,Saturday,7/9/2016,1:40 PM,Y
2016,Finding Dory,Georgetown Drive-In,Sunday,7/10/2016,9:30 PM,Y
2016,The BFG,Tinseltown,Tuesday,7/26/2016,10:40 AM,N
2016,Legend of Tarzan,Baxter Avenue,Tuesday,7/26/2016,1:20 PM,N
2016,Ghostbusters (2016),Baxter Avenue,Monday,8/1/2016,1:25 PM,Y
2016,Bad Moms,Baxter Avenue,Saturday,8/6/2016,4:40 PM,Y
2016,Suicide Squad,Baxter Avenue,Tuesday,8/9/2016,1:10 PM,N
2016,Star Trek: Beyond ,Mall St. Matthews,Saturday,8/13/2016,2:00 PM,N
2016,Pete's Dragon,Baxter Avenue,Sunday,8/21/2016,1:30 PM,Y
2016,Kubo and the 2 Strings,Baxter Avenue,Tuesday,8/23/2016,1:15 PM,N
2016,Don't Think Twice,Baxter Avenue,Monday,8/29/2016,7:35 PM,Y
2016,The Magnificent Seven,Mall St. Matthews,Thursday,9/22/2016,7:00 PM,Y
2016,Miss Peregrine's Home for Peculiar Children,Mall St. Matthews,Tuesday,10/4/2016,3:00 PM,N
2016,Girl on A Train,Baxter Avenue,Monday,10/10/2016,1:15 PM,N
2016,The Accountant,Tinseltown,Monday,10/17/2016,12:00 PM,Y
2016,Doctor Strange,Baxter Avenue,Friday,11/4/2016,4:30 PM,Y
2016,Fantastic Beasts and Where to Find Them,Baxter Avenue,Monday,11/21/2016,1:00 PM,Y
2016,Moana,Tinseltown,Thursday,11/24/2016,7:40 PM,Y
2016,Moana,Tinseltown,Sunday,11/27/2016,11:25 AM,Y
2016,Doctor Strange,Tinseltown,Sunday,11/27/2016,1:50 PM,Y
2016,Arrival,Tinseltown,Tuesday,11/29/2016,1:25 PM,N
2016,Star Wars: Rogue One,Baxter Avenue,Thursday,12/15/2016,7:30 PM,Y
2016,Star Wars: Rogue One,Baxter Avenue,Sunday,12/18/2016,7:30 PM,Y
2016,Assassin's Creed,Mall St. Matthews,Friday,12/30/2016,1:15 PM,N
2017,Sing,Baxter Avenue,Wednesday,1/4/2017,7:00 PM,Y
2017,Hidden Figures,Baxter Avenue,Sunday,1/15/2017,1:10 PM,Y
2017,Patriot's Day,Baxter Avenue,Saturday,1/21/2017,1:15 PM,Y
2017,The Founder,Tinseltown,Saturday,2/4/2017,2:15 PM,Y
2017,Murder on the Orient Express,Mall St. Matthews,Sunday,2/5/2017,12:45 PM,Y
2017,Lego Batman,Baxter Avenue,Saturday,2/18/2017,12:50 PM,Y
2017,Logan,Baxter Avenue,Sunday,3/5/2017,1:15 PM,Y
2017,The Great Wall,Mall St. Matthews,Monday,3/6/2017,12:10 PM,N
2017,Star Wars: Rogue One,Village 8,Tuesday,3/7/2017,12:55 PM,N
2017,Kong: Skull Island,Baxter Avenue,Tuesday,3/14/2017,1:30 PM,N
2017,Get Out,Mall St. Matthews,Wednesday,3/15/2017,7:40 PM,N
2017,Beauty and the Beast,Baxter Avenue,Thursday,3/16/2017,7:30 PM,Y
2017,Beauty and the Beast,Mall St. Matthews,Sunday,3/26/2017,11:00 AM,Y
2017,Power Rangers,Mall St. Matthews,Monday,4/3/2017,10:20 AM,N
2017,Ghost in the Shell,Baxter Avenue,Monday,4/3/2017,1:25 PM,N
2017,Fate of the Furious,Tinseltown,Sunday,4/23/2017,11:30 AM,Y
2017,Born in China,Tinseltown,Sunday,4/23/2017,2:40 PM,Y
2017,Guardians of the Galaxy vol. 2,Baxter Avenue,Thursday,5/4/2017,7:00 PM,Y
2017,Guardians of the Galaxy vol. 2,Mall St. Matthews,Thursday,5/11/2017,8:15 PM,Y
2017,King Arthur: Legend of the Sword,Baxter Avenue,Tuesday,5/16/2017,1:25 PM,N
2017,Guardians of the Galaxy vol. 2,Baxter Avenue,Tuesday,5/16/2017,10:05 PM,Y
2017,Pirates of the Carribean: Dead Men Tell No Tales,Baxter Avenue,Sunday,5/28/2017,1:20 PM,Y
2017,Baywatch,Tinseltown,Sunday,6/4/2017,11:30 AM,Y
2017,Wonder Woman,Baxter Avenue,Tuesday,6/6/2017,1:10 PM,N
2017,The Mummy (2017),Mall St. Matthews,Monday,6/12/2017,10:10 AM,N
2017,Cars 3,Mall St. Matthews,Saturday,6/17/2017,9:45 AM,Y
2017,Baby Driver,Baxter Avenue,Thursday,6/29/2017,7:40 PM,Y
2017,Transformers: The Last Kight,Tinseltown,Sunday,7/2/2017,10:40 AM,N
2017,Despicable Me 3,Mall St. Matthews,Thursday,7/6/2017,9:45 AM,Y
2017,Spiderman: Homecoming,Baxter Avenue,Friday,7/7/2017,7:25 PM,Y
2017,The Big Sick,Baxter Avenue,Friday,7/7/2017,10:00 PM,Y
2017,War for the Planet of the Apes,Baxter Avenue,Tuesday,7/25/2017,1:00 PM,Y
2017,Atomic Blonde,Baxter Avenue,Monday,7/31/2017,1:35 PM,N
2017,The Dark Tower,Baxter Avenue,Sunday,8/6/2017,12:55 PM,Y
2017,The Hitman's Bodyguard,Baxter Avenue,Sunday,8/20/2017,1:35 PM,N
2017,Valerian,Village 8,Saturday,9/2/2017,4:05 PM,N
2017,Wind River,Baxter Avenue,Tuesday,9/5/2017,1:15 PM,Y
2017,It Pt 1,Mall St. Matthews,Wednesday,9/13/2017,12:00 PM,N
2017,Lego Ninjago,Baxter Avenue,Monday,9/25/2017,12:55 PM,N
2017,Kingsman 2,Baxter Avenue,Tuesday,10/3/2017,1:15 PM,Y
2017,Battle of the Sexes,Baxter Avenue,Sunday,10/15/2017,1:05 PM,Y
2017,Marshall,Baxter Avenue,Wednesday,10/25/2017,1:10 PM,Y
2017,Thor: Ragnarok,Baxter Avenue,Thursday,11/2/2017,7:30 PM,Y
2017,Thor: Ragnarok,Baxter Avenue,Sunday,11/5/2017,8:25 PM,Y
2017,Bad Mom's Christmas,Baxter Avenue,Sunday,11/12/2017,7:25 PM,Y
2017,Coco,Tinseltown,Thursday,11/23/2017,7:15 PM,Y
2017,Justice League,Baxter Avenue,Monday,11/27/2017,1:00 PM,N
2017,The Breadwinner,Village 8,Tuesday,12/5/2017,12:50 PM,N
2017,Star Wars Episode VIII: The Last Jedi,Baxter Avenue,Thursday,12/14/2017,7:30 PM,Y
2017,Star Wars Episode VIII: The Last Jedi,Baxter Avenue,Monday,12/18/2017,4:20 PM,Y
2017,Pitch Perfect 3,Baxter Avenue,Thursday,12/28/2017,1:00 PM,Y
2018,Darkest Hour,Baxter Avenue,Monday,1/1/2018,1:00 PM,Y
2018,The Shape of Water,Baxter Avenue,Tuesday,1/9/2018,1:25 PM,N
2018,On the Basis of Sex,Baxter Avenue,Monday,1/15/2018,7:15 PM,Y
2018,The Post,Baxter Avenue,Sunday,1/21/2018,1:10 PM,Y
2018,The Greatest Showman,Baxter Avenue,Tuesday,1/23/2018,1:10 PM,N
2018,12 Strong,Tinseltown,Saturday,2/3/2018,12:55 PM,Y
2018,Jumanji: Welcome to the Jungle,Tinseltown,Tuesday,2/6/2018,11:10 AM,N
2018,Black Panther,Baxter Avenue,Sunday,2/18/2018,4:20 PM,Y
2018,A Wrinkle in Time,Baxter Avenue,Monday,3/12/2018,1:30 PM,N
2018,Tomb Raider,Baxter Avenue,Thursday,3/29/2018,1:10 PM,N
2018,Isle of Dogs,Baxter Avenue,Monday,4/9/2018,1:15 PM,N
2018,"Ready, Player One",Baxter Avenue,Saturday,4/14/2018,1:10 PM,Y
2018,A Quiet Place,Baxter Avenue,Monday,4/23/2018,1:00 PM,N
2018,Avengers: Infinity War,Mall St. Matthews,Thursday,4/26/2018,8:30 PM,Y
2018,Avengers: Infinity War,Baxter Avenue,Monday,5/7/2018,12:45 PM,Y
2018,Avengers: Infinity War,Baxter Avenue,Tuesday,5/15/2018,12:45 PM,Y
2018,Deadpool 2,Mall St. Matthews,Monday,5/21/2018,12:00 PM,Y
2018,Solo: A Star Wars Story,Mall St. Matthews,Thursday,5/24/2018,7:00 PM,Y
2018,Black Panther,Village 8,Tuesday,5/29/2018,12:50 PM,Y
2018,Oceans 8,Baxter Avenue,Saturday,6/9/2018,1:15 PM,Y
2018,The Incredibles 2,Baxter Avenue,Wednesday,6/20/2018,7:00 PM,Y
2018,Won't You Be My Neighbor,Baxter Avenue,Tuesday,6/26/2018,4:30 PM,Y
2018,Ant-Man and the Wasp,Mall St. Matthews,Saturday,7/7/2018,10:00 AM,Y
2018,Jurassic World: Fallen Kingdom,Mall St. Matthews,Saturday,7/7/2018,12:20 PM,Y
2018,Christopher Robin,Baxter Avenue,Sunday,8/5/2018,1:25 PM,Y
2018,Mission Impossible: Fallout,Baxter Avenue,Monday,8/13/2018,12:50 PM,N
2018,Eigth Grade,Baxter Avenue,Monday,8/13/2018,4:30 PM,Y
2018,Blackkklansman,Baxter Avenue,Wednesday,9/19/2018,7:00 PM,Y
2018,The Predator,Baxter Avenue,Thursday,9/27/2018,7:10 PM,N
2018,The House with a Clock in the Walls,Baxter Avenue,Thursday,10/4/2018,4:10 PM,Y
2018,A Star is Born,Baxter Avenue,Friday,10/5/2018,1:00 PM,Y
2018,Venom,Baxter Avenue,Tuesday,10/16/2018,7:10 PM,Y
2018,First Man,Mall St. Matthews,Sunday,10/21/2018,12:20 PM,Y
2018,Bohemian Rhapsody,Baxter Avenue,Wednesday,11/7/2018,7:00 PM,Y
2018,Fantastic Beasts: The Crimes of Grindlewald,Baxter Avenue,Wednesday,11/21/2018,4:00 PM,Y
2018,Ralph Breaks the Internet,Tinseltown,Thursday,11/22/2018,7:45 PM,Y
2018,The Green Book,Baxter Avenue,Saturday,12/1/2018,1:00 PM,Y
2018,The Grinch (2018),Baxter Avenue,Saturday,12/8/2018,1:30 PM,Y
2018,Spiderman: Into the Spiderverse,Mall St. Matthews,Saturday,12/8/2018,1:20 PM,Y
2018,Vice,Baxter Avenue,Monday,12/17/2018,1:00 PM,Y
2018,Mary Poppins Returns,Baxter Avenue,Sunday,12/30/2018,1:00 PM,Y
2019,Bumblebee,Mall St. Matthews,Sunday,1/6/2019,11:10 AM,Y
2019,Aquaman,Baxter Avenue,Sunday,1/20/2019,1:00 PM,Y
2019,The Upside,Mall St. Matthews,Friday,1/25/2019,10:30 AM,Y
2019,Stan and Ollie,Baxter Avenue,Saturday,2/2/2019,1:15 PM,Y
2019,What Men What,Baxter Avenue,Sunday,2/10/2019,1:00 PM,Y
2019,Alita: Battle Angel,Baxter Avenue,Monday,2/18/2019,7:20 PM,N
2019,Lego Movie 2: The Second Part,Baxter Avenue,Wednesday,2/27/2019,7:00 PM,Y
2019,Captain Marvel,Baxter Avenue,Saturday,3/9/2019,1:20 PM,Y
2019,Captain Marvel,Tinseltown,Sunday,3/10/2019,7:35 PM,Y
2019,How to Train Your Dragon 3,Baxter Avenue,Sunday,3/17/2019,1:00 PM,Y
2019,Dumbo,Mall St. Matthews,Sunday,3/31/2019,11:30 AM,Y
2019,Shazam!,Mall St. Matthews,Sunday,4/14/2019,10:50 AM,Y
2019,Hellboy,Baxter Avenue,Monday,4/15/2019,7:05 PM,Y
2019,Captain Marvel,Baxter Avenue,Wednesday,4/24/2019,7:15 PM,Y
2019,Avengers: Endgame,Mall St. Matthews,Thursday,4/25/2019,9:50 PM,Y
2019,Avengers: Endgame,Baxter Avenue,Friday,4/26/2019,12:55 PM,Y
2019,Avengers: Endgame,Mall St. Matthews,Thursday,5/2/2019,10:00 AM,N
2019,Long Shot,Tinseltown,Saturday,5/11/2019,1:10 PM,Y
2019,Pokemon: Detective Pikachu,Baxter Avenue,Saturday,5/18/2019,4:00 PM,Y
2019,Aladdin,Baxter Avenue,Friday,5/24/2019,4:00 PM,Y
2019,Rocketman,Baxter Avenue,Sunday,6/2/2019,12:55 PM,Y
2019,Godzilla: King of the Monsters,Baxter Avenue,Thursday,6/6/2019,1:15 PM,N
2019,Toy Story 4,XScape Blankenbaker,Saturday,6/15/2019,11:00 AM,Y
2019,Late Night,Baxter Avenue,Wednesday,6/26/2019,7:30 PM,Y
2019,Yesterday,Baxter Avenue,Monday,7/1/2019,7:15 PM,Y
2019,Spiderman: Far From Home,Baxter Avenue,Wednesday,7/3/2019,7:15 PM,Y
2019,The Lion King,Baxter Avenue,Sunday,7/21/2019,7:00 PM,Y
2019,Dark Phoenix,Village 8,Sunday,7/28/2019,1:30 PM,Y
2019,Fast and Furious 9,Baxter Avenue,Sunday,8/11/2019,12:55 PM,Y
2019,Blinded by the Light,Baxter Avenue,Thursday,8/22/2019,7:15 PM,Y
2019,It: Chapter 2,Baxter Avenue,Saturday,9/14/2019,4:10 PM,Y
2019,Abominable,Baxter Avenue,Wednesday,10/2/2019,5:20 PM,Y
2019,Maleficent: Mistress of Evil,Tinseltown,Friday,10/18/2019,2:00 PM,Y
2019,Joker,Tinseltown,Friday,10/18/2019,10:45 AM,Y
2019,The Current War,Baxter Avenue,Monday,10/28/2019,10:35 AM,Y
2019,The Addams Family,Mall St. Matthews,Friday,11/8/2019,7:20 PM,N
2019,Jojo Rabbit,Baxter Avenue,Wednesday,11/13/2019,5:20 PM,Y
2019,Beatutiful Day in the Neighborhood,Baxter Avenue,Friday,11/22/2019,4:05 PM,Y
2019,Frozen 2,Tinseltown,Thursday,11/28/2019,7:30 PM,Y
2019,Star Wars Episode IX: The Rise of Skywalker,Baxter Avenue,Thursday,12/19/2019,6:00 PM,Y
2019,Star Wars Episode IX: The Rise of Skywalker,Baxter Avenue,Saturday,12/21/2019,7:25 PM,Y
2020,Knives Out,Baxter Avenue,Thursday,1/16/2020,7:00 PM,Y
2020,1917,Stonybrook,Saturday,1/18/2020,2:25 PM,Y
2020,Just Mercy,Baxter Avenue,Thursday,1/23/2020,7:00 PM,Y
2020,Dolittle,Baxter Avenue,Tuesday,1/28/2020,1:30 PM,N
2020,The Gentleman,Tinseltown,Friday,1/31/2020,7:40 PM,Y
2020,Jumanji: Next Level,Mall St. Matthews,Wednesday,2/19/2020,6:20 PM,Y
2020,Onward,Baxter Avenue,Monday,3/9/2020,7:00 PM,Y
2020,The Big Lebowski,Baxter Avenue,Monday,6/15/2020,6:20 PM,Y
2020,Dark Knight,Baxter Avenue,Thursday,6/25/2020,3:30 PM,Y
2020,Tesla,Baxter Avenue,Wednesday,9/2/2020,7:00 PM,Y
2020,The New Mutants,Baxter Avenue,Monday,9/14/2020,5:40 PM,Y
2021,Raya and the Last Dragon,Baxter Avenue,Friday,3/12/2021,1:05 PM,Y
2021,Godzilla VS Kong,Baxter Avenue,Thursday,4/15/2021,6:50 PM,N
2021,Mortal Kombat (2021),Baxter Avenue,Thursday,4/29/2021,7:00 PM,N
2021,Cruella,Baxter Avenue,Wednesday,6/2/2021,6:55 PM,Y
2021,In the Heights,Baxter Avenue,Tuesday,6/15/2021,5:30 PM,Y
2021,F9: The Fast Saga,Baxter Avenue,Monday,7/5/2021,12:55 PM,Y
2021,Black Widow,Baxter Avenue,Thursday,7/8/2021,5:30 PM,Y
2021,Space Jam: A New Legacy,Baxter Avenue,Wednesday,7/28/2021,7:00 PM,Y
2021,Jungle Cruise,Baxter Avenue,Sunday,8/1/2021,12:55 PM,Y
2021,The Green Knight,Baxter Avenue,Sunday,8/8/2021,1:10 PM,Y
2021,Free Guy,Baxter Avenue,Monday,8/16/2021,7:10 PM,Y
2021,Suicide Squad,Baxter Avenue,Thursday,8/19/2021,7:05 PM,N
2021,Venom: Let There Be Carnage,Baxter Avenue,Monday,10/11/2021,5:20 PM,Y
2021,The Addams Family 2,Baxter Avenue,Sunday,10/17/2021,12:55 PM,Y
2021,The Eternals,Baxter Avenue,Thursday,11/11/2021,5:30 PM,Y
2021,Spencer,Tinseltown,Sunday,11/21/2021,11:40 AM,Y
2021,Dune,Baxter Avenue,Tuesday,11/23/2021,5:50 PM,N
2021,Encanto,Tinseltown,Thursday,11/25/2021,7:40 PM,Y
2021,Spiderman: No Way Home,Baxter Avenue,Thursday,12/16/2021,6:40 PM,Y
2021,House of Gucci,Baxter Avenue,Wednesday,12/8/2021,7:25 PM,Y